BC0,TIN
BC1,TIN
BC2,TIN
BC3,TIN
BC4,TIN
BC5,TIN
BC6,TIN
BC7,TIN
BC8,TIN
BC9,TIN
BC10,TIN
BC11,TIN
BC12,TIN
BC13,TIN
BC14,TIN
BC15,TIN
BC16,TIN
BC17,TIN
BC18,UNT
BC19,TIN
BC20,TIN
BC21,TIN
BC22,TIN
BC23,TIN
BC24,TIN
BC25,TIN
BC26,TIN
BC27,TIN
BC28,TIN
BC29,TIN
BC30,TIN
BC31,TIN
BC32,TIN
BC33,TIN
BC34,TIN
BC35,TIN
BC36,UNT
BC37,TIN
BC38,TIN
BC39,TIN
BC40,TIN
BC41,TIN
BC42,TIN
BC43,UNT
BC44,TIN
BC45,TIN
BC46,UNT
BC47,TIN
BC48,TIN
BC49,TIN
BC50,TIN
BC51,TIN
BC52,TIN
BC53,TIN
BC54,TIN
BC55,TIN
BC56,TIN
BC57,TIN
BC58,UNT
BC59,TIN
BC60,TIN
BC61,TIN
BC62,TIN
BC63,TIN
BC64,TIN
BC65,TIN
BC66,UNT
BC67,UNT
BC68,TIN
BC69,TIN
BC70,TIN
BC71,TIN
BC72,UNT
BC73,TIN
BC74,TIN
BC75,TIN
BC76,TIN
BC77,TIN
BC78,UNT
BC79,TIN
BC80,TIN
BC81,UNT
BC82,TIN
BC83,TIN
BC84,TIN
BC85,UNT
BC86,TIN
BC87,TIN
BC88,TIN
BC89,TIN
BC90,TIN
BC91,TIN
BC92,TIN
BC93,TIN
BC94,TIN
BC95,TIN
BC96,TIN
BC97,TIN
BC98,TIN
BC99,TIN
BC100,TIN
BC101,TIN
BC102,TIN
BC103,TIN
BC104,TIN
BC105,TIN
BC106,TIN
BC107,TIN
BC108,TIN
BC109,TIN
BC110,UNT
BC111,TIN
BC112,TIN
BC113,TIN
BC114,TIN
BC115,TIN
BC116,TIN
BC117,TIN
BC118,TIN
BC119,TIN
BC120,TIN
BC121,TIN
BC122,TIN
BC123,TIN
BC124,TIN
BC125,TIN
BC126,TIN
BC127,TIN
BC128,TIN
BC129,TIN
BC130,TIN
BC131,TIN
BC132,TIN
BC133,TIN
BC134,TIN
BC135,TIN
BC136,TIN
BC137,TIN
BC138,TIN
BC139,TIN
BC140,TIN
BC141,TIN
BC142,TIN
BC143,TIN
BC144,TIN
BC145,TIN
BC146,TIN
BC147,UNT
BC148,TIN
BC149,TIN
BC150,TIN
BC151,TIN
BC152,TIN
BC153,TIN
BC154,UNT
BC155,TIN
BC156,TIN
BC157,TIN
BC158,TIN
BC159,TIN
BC160,TIN
BC161,TIN
BC162,TIN
BC163,TIN
BC164,TIN
BC165,TIN
BC166,TIN
BC167,UNT
BC168,TIN
BC169,TIN
BC170,TIN
BC171,TIN
BC172,TIN
BC173,TIN
BC174,TIN
BC175,TIN
BC176,TIN
BC177,TIN
BC178,TIN
BC179,TIN
BC180,TIN
BC181,TIN
BC182,TIN
BC183,TIN
BC184,TIN
BC185,TIN
BC186,TIN
BC187,TIN
BC188,TIN
BC189,TIN
BC190,TIN
BC191,TIN
BC192,TIN
BC193,TIN
BC194,TIN
BC195,TIN
BC196,TIN
BC197,TIN
BC198,TIN
BC199,UNT
BC200,TIN
BC201,TIN
BC202,TIN
BC203,TIN
BC204,TIN
BC205,UNT
BC206,TIN
BC207,TIN
BC208,UNT
BC209,TIN
BC210,TIN
BC211,TIN
BC212,UNT
BC213,TIN
BC214,TIN
BC215,UNT
BC216,TIN
BC217,TIN
BC218,TIN
BC219,TIN
BC220,UNT
BC221,TIN
BC222,TIN
BC223,TIN
BC224,UNT
BC225,TIN
BC226,TIN
BC227,TIN
BC228,TIN
BC229,TIN
BC230,TIN
BC231,TIN
BC232,UNT
BC233,TIN
BC234,TIN
BC235,TIN
BC236,TIN
BC237,TIN
BC238,TIN
BC239,UNT
BC240,TIN
BC241,TIN
BC242,TIN
BC243,TIN
BC244,TIN
BC245,TIN
BC246,TIN
BC247,TIN
BC248,TIN
BC249,TIN
BC250,TIN
BC251,TIN
BC252,TIN
BC253,TIN
BC254,TIN
BC255,TIN
BC256,TIN
BC257,UNT
BC258,TIN
BC259,TIN
BC260,TIN
BC261,UNT
BC262,TIN
BC263,TIN
BC264,TIN
BC265,TIN
BC266,TIN
BC267,TIN
BC268,TIN
BC269,TIN
BC270,TIN
BC271,TIN
BC272,UNT
BC273,TIN
BC274,TIN
BC275,TIN
BC276,TIN
BC277,UNT
BC278,TIN
BC279,TIN
BC280,UNT
BC281,TIN
BC282,TIN
BC283,UNT
BC284,TIN
BC285,TIN
BC286,TIN
BC287,TIN
BC288,TIN
BC289,UNT
BC290,TIN
BC291,TIN
BC292,TIN
BC293,TIN
BC294,UNT
BC295,TIN
BC296,TIN
BC297,TIN
BC298,UNT
BC299,UNT
BC300,UNT
BC301,TIN
BC302,TIN
BC303,TIN
BC304,TIN
BC305,UNT
BC306,TIN
BC307,TIN
BC308,TIN
BC309,TIN
BC310,UNT
BC311,TIN
BC312,TIN
BC313,TIN
BC314,TIN
BC315,UNT
BC316,TIN
BC317,TIN
BC318,TIN
BC319,TIN
BC320,TIN
BC321,TIN
BC322,TIN
BC323,TIN
BC324,TIN
BC325,TIN
BC326,TIN
BC327,TIN
BC328,TIN
BC329,UNT
BC330,TIN
BC331,TIN
BC332,TIN
BC333,UNT
BC334,TIN
BC335,TIN
BC336,TIN
BC337,TIN
BC338,TIN
BC339,TIN
BC340,TIN
BC341,UNT
BC342,TIN
BC343,TIN
BC344,TIN
BC345,UNT
BC346,TIN
BC347,TIN
BC348,TIN
BC349,TIN
BC350,TIN
BC351,TIN
BC352,TIN
BC353,TIN
BC354,TIN
BC355,TIN
BC356,TIN
BC357,TIN
BC358,TIN
BC359,TIN
BC360,TIN
BC361,TIN
BC362,TIN
BC363,UNT
BC364,UNT
BC365,TIN
BC366,TIN
BC367,TIN
BC368,UNT
BC369,TIN
BC370,TIN
BC371,TIN
BC372,TIN
BC373,TIN
BC374,TIN
BC375,TIN
BC376,TIN
BC377,TIN
BC378,UNT
BC379,TIN
BC380,TIN
BC381,TIN
BC382,TIN
BC383,TIN
BC384,TIN
BC385,TIN
BC386,TIN
BC387,TIN
BC388,TIN
BC389,TIN
BC390,UNT
BC391,TIN
BC392,TIN
BC393,TIN
BC394,TIN
BC395,UNT
BC396,TIN
BC397,UNT
BC398,TIN
BC399,TIN
BC400,TIN
BC401,UNT
BC402,TIN
BC403,TIN
BC404,TIN
BC405,TIN
BC406,TIN
BC407,TIN
BC408,TIN
BC409,TIN
BC410,TIN
BC411,TIN
BC412,TIN
BC413,TIN
BC414,TIN
BC415,TIN
BC416,TIN
BC417,TIN
BC418,TIN
BC419,UNT
BC420,TIN
BC421,TIN
BC422,TIN
BC423,TIN
BC424,TIN
BC425,TIN
BC426,TIN
BC427,TIN
BC428,UNT
BC429,TIN
BC430,TIN
BC431,TIN
BC432,UNT
BC433,UNT
BC434,TIN
BC435,TIN
BC436,TIN
BC437,UNT
BC438,UNT
BC439,UNT
BC440,TIN
BC441,TIN
BC442,UNT
BC443,TIN
BC444,TIN
BC445,TIN
BC446,TIN
BC447,UNT
BC448,TIN
BC449,TIN
BC450,TIN
BC451,TIN
BC452,TIN
BC453,TIN
BC454,UNT
BC455,TIN
BC456,TIN
BC457,UNT
BC458,TIN
BC459,TIN
BC460,TIN
BC461,TIN
BC462,TIN
BC463,TIN
BC464,UNT
BC465,UNT
BC466,TIN
BC467,TIN
BC468,TIN
BC469,TIN
BC470,TIN
BC471,TIN
BC472,TIN
BC473,TIN
BC474,UNT
BC475,UNT
BC476,TIN
BC477,TIN
BC478,TIN
BC479,TIN
BC480,TIN
BC481,TIN
BC482,TIN
BC483,TIN
BC484,TIN
BC485,TIN
BC486,TIN
BC487,TIN
BC488,TIN
BC489,TIN
BC490,TIN
BC491,TIN
BC492,TIN
BC493,TIN
BC494,TIN
BC495,TIN
BC496,TIN
BC497,UNT
BC498,TIN
BC499,TIN
BC500,TIN
BC501,TIN
BC502,TIN
BC503,TIN
BC504,TIN
BC505,TIN
BC506,TIN
BC507,TIN
BC508,TIN
BC509,TIN
BC510,TIN
BC511,TIN
BC512,TIN
BC513,TIN
BC514,TIN
BC515,TIN
BC516,TIN
BC517,TIN
BC518,TIN
BC519,TIN
BC520,TIN
BC521,TIN
BC522,TIN
BC523,UNT
BC524,TIN
BC525,TIN
BC526,TIN
BC527,TIN
BC528,TIN
BC529,TIN
BC530,TIN
BC531,TIN
BC532,TIN
BC533,TIN
BC534,TIN
BC535,UNT
BC536,TIN
BC537,TIN
BC538,TIN
BC539,TIN
BC540,TIN
BC541,TIN
BC542,TIN
BC543,TIN
BC544,UNT
BC545,TIN
BC546,TIN
BC547,TIN
BC548,UNT
BC549,TIN
BC550,TIN
BC551,TIN
BC552,TIN
BC553,TIN
BC554,TIN
BC555,UNT
BC556,TIN
BC557,TIN
BC558,TIN
BC559,TIN
BC560,TIN
BC561,TIN
BC562,TIN
BC563,TIN
BC564,TIN
BC565,TIN
BC566,TIN
BC567,TIN
BC568,TIN
BC569,TIN
BC570,UNT
BC571,TIN
BC572,TIN
BC573,UNT
BC574,TIN
BC575,TIN
BC576,TIN
BC577,TIN
BC578,TIN
BC579,TIN
BC580,TIN
BC581,UNT
BC582,TIN
BC583,TIN
BC584,TIN
BC585,TIN
BC586,TIN
BC587,TIN
BC588,TIN
BC589,TIN
BC590,TIN
BC591,UNT
BC592,UNT
BC593,TIN
BC594,UNT
BC595,TIN
BC596,TIN
BC597,UNT
BC598,UNT
BC599,UNT
BC600,TIN
BC601,TIN
BC602,TIN
BC603,TIN
BC604,UNT
BC605,TIN
BC606,TIN
BC607,TIN
BC608,TIN
BC609,TIN
BC610,UNT
BC611,TIN
BC612,TIN
BC613,TIN
BC614,TIN
BC615,TIN
BC616,TIN
BC617,TIN
BC618,TIN
BC619,TIN
BC620,TIN
BC621,TIN
BC622,TIN
BC623,TIN
BC624,TIN
BC625,UNT
BC626,UNT
BC627,TIN
BC628,TIN
BC629,TIN
BC630,TIN
BC631,UNT
BC632,TIN
BC633,TIN
BC634,TIN
BC635,TIN
BC636,TIN
BC637,TIN
BC638,UNT
BC639,TIN
BC640,TIN
BC641,TIN
BC642,TIN
BC643,UNT
BC644,TIN
BC645,TIN
BC646,TIN
BC647,TIN
BC648,TIN
BC649,TIN
BC650,TIN
BC651,TIN
BC652,TIN
BC653,TIN
BC654,TIN
BC655,TIN
BC656,TIN
BC657,TIN
BC658,TIN
BC659,TIN
BC660,TIN
BC661,TIN
BC662,TIN
BC663,TIN
BC664,TIN
BC665,TIN
BC666,TIN
BC667,TIN
BC668,TIN
BC669,UNT
BC670,TIN
BC671,TIN
BC672,TIN
BC673,TIN
BC674,TIN
BC675,TIN
BC676,TIN
BC677,TIN
BC678,TIN
BC679,UNT
BC680,TIN
BC681,TIN
BC682,TIN
BC683,TIN
BC684,TIN
BC685,TIN
BC686,TIN
BC687,TIN
BC688,TIN
BC689,TIN
BC690,TIN
BC691,TIN
BC692,TIN
BC693,TIN
BC694,TIN
BC695,TIN
BC696,TIN
BC697,TIN
BC698,TIN
BC699,TIN
BC700,UNT
BC701,UNT
BC702,UNT
BC703,UNT
BC704,TIN
BC705,TIN
BC706,TIN
BC707,UNT
BC708,TIN
BC709,UNT
BC710,TIN
BC711,TIN
BC712,TIN
BC713,TIN
BC714,TIN
BC715,TIN
BC716,TIN
BC717,TIN
BC718,UNT
BC719,TIN
BC720,TIN
BC721,TIN
BC722,TIN
BC723,TIN
BC724,TIN
BC725,UNT
BC726,UNT
BC727,UNT
BC728,TIN
BC729,TIN
BC730,TIN
BC731,UNT
BC732,TIN
BC733,UNT
BC734,TIN
BC735,TIN
BC736,TIN
BC737,TIN
BC738,UNT
BC739,TIN
BC740,TIN
BC741,TIN
BC742,TIN
BC743,TIN
BC744,TIN
BC745,TIN
BC746,TIN
BC747,UNT
BC748,TIN
BC749,TIN
BC750,TIN
BC751,TIN
BC752,TIN
BC753,UNT
BC754,TIN
BC755,UNT
BC756,TIN
BC757,TIN
BC758,TIN
BC759,TIN
BC760,TIN
BC761,TIN
BC762,TIN
BC763,TIN
BC764,TIN
BC765,TIN
BC766,TIN
BC767,TIN
BC768,TIN
BC769,TIN
BC770,TIN
BC771,TIN
BC772,TIN
BC773,TIN
BC774,TIN
BC775,TIN
BC776,UNT
BC777,TIN
BC778,TIN
BC779,TIN
BC780,TIN
BC781,TIN
BC782,TIN
BC783,TIN
BC784,TIN
BC785,TIN
BC786,TIN
BC787,TIN
BC788,TIN
BC789,TIN
BC790,TIN
BC791,TIN
BC792,TIN
BC793,TIN
BC794,TIN
BC795,TIN
BC796,TIN
BC797,UNT
BC798,UNT
BC799,TIN
BC800,TIN
BC801,TIN
BC802,TIN
BC803,TIN
BC804,TIN
BC805,TIN
BC806,TIN
BC807,TIN
BC808,TIN
BC809,TIN
BC810,TIN
BC811,TIN
BC812,TIN
BC813,TIN
BC814,TIN
BC815,UNT
BC816,TIN
BC817,TIN
BC818,TIN
BC819,TIN
BC820,TIN
BC821,TIN
BC822,TIN
BC823,TIN
BC824,TIN
BC825,TIN
BC826,UNT
BC827,TIN
BC828,TIN
BC829,TIN
BC830,TIN
BC831,TIN
BC832,TIN
BC833,UNT
BC834,UNT
BC835,TIN
BC836,TIN
BC837,TIN
BC838,TIN
BC839,TIN
BC840,TIN
BC841,TIN
BC842,TIN
BC843,TIN
BC844,TIN
BC845,TIN
BC846,TIN
BC847,TIN
BC848,TIN
BC849,UNT
BC850,TIN
BC851,TIN
BC852,TIN
BC853,TIN
BC854,UNT
BC855,TIN
BC856,TIN
BC857,TIN
BC858,TIN
BC859,TIN
BC860,TIN
BC861,TIN
BC862,TIN
BC863,TIN
BC864,UNT
BC865,TIN
BC866,TIN
BC867,UNT
BC868,TIN
BC869,TIN
BC870,UNT
BC871,TIN
BC872,TIN
BC873,UNT
BC874,UNT
BC875,TIN
BC876,TIN
BC877,UNT
BC878,TIN
BC879,TIN
BC880,TIN
BC881,UNT
BC882,TIN
BC883,TIN
BC884,TIN
BC885,TIN
BC886,TIN
BC887,TIN
BC888,TIN
BC889,TIN
BC890,TIN
BC891,TIN
BC892,TIN
BC893,TIN
BC894,TIN
BC895,TIN
BC896,TIN
BC897,TIN
BC898,TIN
BC899,TIN
BC900,TIN
BC901,TIN
BC902,TIN
BC903,TIN
BC904,TIN
BC905,TIN
BC906,TIN
BC907,TIN
BC908,UNT
BC909,TIN
BC910,TIN
BC911,TIN
BC912,TIN
BC913,UNT
BC914,TIN
BC915,TIN
BC916,TIN
BC917,TIN
BC918,TIN
BC919,TIN
BC920,TIN
BC921,TIN
BC922,TIN
BC923,TIN
BC924,UNT
BC925,TIN
BC926,TIN
BC927,TIN
BC928,TIN
BC929,TIN
BC930,TIN
BC931,TIN
BC932,TIN
BC933,TIN
BC934,TIN
BC935,TIN
BC936,TIN
BC937,TIN
BC938,TIN
BC939,TIN
BC940,TIN
BC941,TIN
BC942,TIN
BC943,TIN
BC944,UNT
BC945,TIN
BC946,TIN
BC947,TIN
BC948,TIN
BC949,TIN
BC950,TIN
BC951,TIN
BC952,TIN
BC953,UNT
BC954,TIN
BC955,TIN
BC956,UNT
BC957,TIN
BC958,UNT
BC959,TIN
BC960,TIN
BC961,TIN
BC962,UNT
BC963,TIN
BC964,UNT
BC965,TIN
BC966,UNT
BC967,TIN
BC968,TIN
BC969,TIN
BC970,TIN
BC971,TIN
BC972,TIN
BC973,UNT
BC974,UNT
BC975,TIN
BC976,TIN
BC977,TIN
BC978,UNT
BC979,TIN
BC980,TIN
BC981,TIN
BC982,UNT
BC983,UNT
BC984,TIN
BC985,TIN
BC986,TIN
BC987,TIN
BC988,TIN
BC989,UNT
BC990,TIN
BC991,TIN
BC992,TIN
BC993,TIN
BC994,TIN
BC995,TIN
BC996,TIN
BC997,UNT
BC998,TIN
BC999,TIN
BC1000,TIN
BC1001,TIN
BC1002,UNT
BC1003,TIN
BC1004,TIN
BC1005,TIN
BC1006,TIN
BC1007,TIN
BC1008,TIN
BC1009,TIN
BC1010,TIN
BC1011,UNT
BC1012,TIN
BC1013,TIN
BC1014,TIN
BC1015,UNT
BC1016,TIN
BC1017,UNT
BC1018,TIN
BC1019,UNT
BC1020,TIN
BC1021,TIN
BC1022,TIN
BC1023,TIN
BC1024,TIN
BC1025,UNT
BC1026,TIN
BC1027,TIN
BC1028,TIN
BC1029,UNT
BC1030,UNT
BC1031,TIN
BC1032,TIN
BC1033,TIN
BC1034,TIN
BC1035,TIN
BC1036,TIN
BC1037,TIN
BC1038,TIN
BC1039,TIN
BC1040,TIN
BC1041,TIN
BC1042,TIN
BC1043,TIN
BC1044,TIN
BC1045,UNT
BC1046,TIN
BC1047,UNT
BC1048,TIN
BC1049,UNT
BC1050,TIN
BC1051,UNT
BC1052,TIN
BC1053,TIN
BC1054,TIN
BC1055,TIN
BC1056,TIN
BC1057,TIN
BC1058,TIN
BC1059,TIN
BC1060,TIN
BC1061,TIN
BC1062,TIN
BC1063,TIN
BC1064,TIN
BC1065,TIN
BC1066,UNT
BC1067,UNT
BC1068,TIN
BC1069,TIN
BC1070,UNT
BC1071,TIN
BC1072,TIN
BC1073,TIN
BC1074,UNT
BC1075,UNT
BC1076,UNT
BC1077,TIN
BC1078,TIN
BC1079,UNT
BC1080,TIN
BC1081,TIN
BC1082,TIN
BC1083,TIN
BC1084,TIN
BC1085,TIN
BC1086,TIN
BC1087,TIN
BC1088,TIN
BC1089,TIN
BC1090,TIN
BC1091,TIN
BC1092,TIN
BC1093,TIN
BC1094,TIN
BC1095,TIN
BC1096,TIN
BC1097,UNT
BC1098,TIN
BC1099,TIN
BC1100,UNT
BC1101,TIN
BC1102,TIN
BC1103,TIN
BC1104,TIN
BC1105,TIN
BC1106,UNT
BC1107,TIN
BC1108,TIN
BC1109,UNT
BC1110,TIN
BC1111,TIN
BC1112,TIN
BC1113,TIN
BC1114,TIN
BC1115,TIN
BC1116,TIN
BC1117,TIN
BC1118,TIN
BC1119,UNT
BC1120,TIN
BC1121,UNT
BC1122,TIN
BC1123,TIN
BC1124,TIN
BC1125,TIN
BC1126,TIN
BC1127,UNT
BC1128,TIN
BC1129,TIN
BC1130,UNT
BC1131,TIN
BC1132,TIN
BC1133,TIN
BC1134,TIN
BC1135,TIN
BC1136,UNT
BC1137,TIN
BC1138,TIN
BC1139,TIN
BC1140,TIN
BC1141,TIN
BC1142,TIN
BC1143,UNT
BC1144,TIN
BC1145,TIN
BC1146,TIN
BC1147,TIN
BC1148,TIN
BC1149,UNT
BC1150,TIN
BC1151,TIN
BC1152,TIN
BC1153,TIN
BC1154,TIN
BC1155,TIN
BC1156,TIN
BC1157,TIN
BC1158,TIN
BC1159,TIN
BC1160,TIN
BC1161,TIN
BC1162,TIN
BC1163,UNT
BC1164,TIN
BC1165,TIN
BC1166,TIN
BC1167,UNT
BC1168,TIN
BC1169,TIN
BC1170,TIN
BC1171,TIN
BC1172,TIN
BC1173,TIN
BC1174,TIN
BC1175,TIN
BC1176,TIN
BC1177,TIN
BC1178,UNT
BC1179,UNT
BC1180,TIN
BC1181,TIN
BC1182,TIN
BC1183,TIN
BC1184,TIN
BC1185,TIN
BC1186,TIN
BC1187,TIN
BC1188,TIN
BC1189,TIN
BC1190,TIN
BC1191,TIN
BC1192,TIN
BC1193,TIN
BC1194,TIN
BC1195,UNT
BC1196,TIN
BC1197,TIN
BC1198,TIN
BC1199,TIN
BC1200,TIN
BC1201,TIN
BC1202,TIN
BC1203,UNT
BC1204,TIN
BC1205,TIN
BC1206,TIN
BC1207,TIN
BC1208,TIN
BC1209,TIN
BC1210,TIN
BC1211,UNT
BC1212,UNT
BC1213,TIN
BC1214,TIN
BC1215,TIN
BC1216,TIN
BC1217,TIN
BC1218,UNT
BC1219,TIN
BC1220,TIN
BC1221,TIN
BC1222,TIN
BC1223,TIN
BC1224,TIN
BC1225,TIN
BC1226,TIN
BC1227,TIN
BC1228,TIN
BC1229,TIN
BC1230,TIN
BC1231,UNT
BC1232,UNT
BC1233,TIN
BC1234,TIN
BC1235,TIN
BC1236,TIN
BC1237,TIN
BC1238,TIN
BC1239,TIN
BC1240,TIN
BC1241,TIN
BC1242,UNT
BC1243,TIN
BC1244,TIN
BC1245,TIN
BC1246,TIN
BC1247,TIN
BC1248,TIN
BC1249,TIN
BC1250,TIN
BC1251,TIN
BC1252,TIN
BC1253,TIN
BC1254,TIN
BC1255,UNT
BC1256,TIN
BC1257,TIN
BC1258,TIN
BC1259,UNT
BC1260,TIN
BC1261,TIN
BC1262,UNT
BC1263,TIN
BC1264,TIN
BC1265,TIN
BC1266,TIN
BC1267,TIN
BC1268,TIN
BC1269,TIN
BC1270,TIN
BC1271,TIN
BC1272,UNT
BC1273,TIN
BC1274,TIN
BC1275,TIN
BC1276,TIN
BC1277,TIN
BC1278,TIN
BC1279,UNT
BC1280,TIN
BC1281,TIN
BC1282,TIN
BC1283,TIN
BC1284,UNT
BC1285,TIN
BC1286,TIN
BC1287,UNT
BC1288,TIN
BC1289,TIN
BC1290,TIN
BC1291,TIN
BC1292,TIN
BC1293,TIN
BC1294,TIN
BC1295,TIN
BC1296,TIN
BC1297,TIN
BC1298,TIN
BC1299,TIN
BC1300,TIN
BC1301,TIN
BC1302,TIN
BC1303,TIN
BC1304,TIN
BC1305,TIN
BC1306,TIN
BC1307,TIN
BC1308,TIN
BC1309,UNT
BC1310,TIN
BC1311,TIN
BC1312,UNT
BC1313,TIN
BC1314,TIN
BC1315,TIN
BC1316,TIN
BC1317,UNT
BC1318,TIN
BC1319,TIN
BC1320,TIN
BC1321,TIN
BC1322,TIN
BC1323,TIN
BC1324,TIN
BC1325,TIN
BC1326,TIN
BC1327,TIN
BC1328,TIN
BC1329,TIN
BC1330,TIN
BC1331,TIN
BC1332,TIN
BC1333,TIN
BC1334,UNT
BC1335,TIN
BC1336,TIN
BC1337,TIN
BC1338,TIN
BC1339,TIN
BC1340,TIN
BC1341,TIN
BC1342,TIN
BC1343,UNT
BC1344,TIN
BC1345,UNT
BC1346,UNT
BC1347,TIN
BC1348,TIN
BC1349,TIN
BC1350,TIN
BC1351,TIN
BC1352,TIN
BC1353,TIN
BC1354,TIN
BC1355,TIN
BC1356,UNT
BC1357,TIN
BC1358,TIN
BC1359,UNT
BC1360,TIN
BC1361,UNT
BC1362,TIN
BC1363,TIN
BC1364,TIN
BC1365,TIN
BC1366,TIN
BC1367,TIN
BC1368,TIN
BC1369,TIN
BC1370,TIN
BC1371,TIN
BC1372,TIN
BC1373,TIN
BC1374,TIN
BC1375,TIN
BC1376,TIN
BC1377,TIN
BC1378,UNT
BC1379,TIN
BC1380,TIN
BC1381,TIN
BC1382,TIN
BC1383,TIN
BC1384,TIN
BC1385,TIN
BC1386,TIN
BC1387,TIN
BC1388,TIN
BC1389,UNT
BC1390,TIN
BC1391,TIN
BC1392,UNT
BC1393,TIN
BC1394,UNT
BC1395,UNT
BC1396,TIN
BC1397,TIN
BC1398,TIN
BC1399,TIN
BC1400,TIN
BC1401,TIN
BC1402,TIN
BC1403,TIN
BC1404,TIN
BC1405,TIN
BC1406,TIN
BC1407,UNT
BC1408,TIN
BC1409,TIN
BC1410,TIN
BC1411,TIN
BC1412,TIN
BC1413,TIN
BC1414,TIN
BC1415,TIN
BC1416,TIN
BC1417,TIN
BC1418,TIN
BC1419,UNT
BC1420,TIN
BC1421,TIN
